protein,tm
ASCT2,0.63833
Lat1,0.86337
MCT1 (without templates),0.79972
MCT1 (with templates),0.79972
STP10,0.81645
ZnT8,0.74061
CGRPR,0.87454
FZD7,0.90161
PTH1R,0.8404